"sn","timestamp","geo_lat","geo_lon","pm1","pm25","pm10","o3","co","no2","rh","temp"
"MOD-00546","2026-10-10 18:37:16",31.9589108200361,-110.973693990906,3.04,3.31,4.61,29.67,321.47,6.41,21.8,39.5
"MOD-00547","2026-10-10 18:35:34",32.1428049459135,-110.946154485527,2.79,3.03,13.28,38.03,292.92,6.46,22,37.4
"MOD-00548","2026-10-10 18:36:55",32.1527,-110.9083,4.65,4.84,6.77,34.25,425.75,6.3,22.2,37
"MOD-00549","2026-10-10 18:35:40",32.413168,-111.323159,1.9,2.12,3.35,33.76,335.58,8.18,20.3,39.4
"MOD-00550","2026-10-10 18:39:20",32.2812,-110.7482,2.95,3.06,3.48,36.22,350.53,7.42,20.4,38.6
"MOD-00551","2026-10-10 18:38:16",32.1359,-110.9042,2.56,2.75,3.88,42.84,297.86,6.6,19.8,39.5
"MOD-00553","2026-10-10 18:37:55",32.159413,-111.074911,2.73,2.85,4.46,32.42,301.84,7.7,28.8,33.8
"MOD-00554","2026-10-10 18:39:02",32.1351,-110.878,NA,NA,NA,23.47,307.36,6.33,20.8,38.2
"MOD-00555","2026-10-10 18:39:03",32.2237,-110.9719,3.76,3.89,4.37,40.98,372.08,6.52,23.8,36.4
"MOD-00556","2026-10-10 18:37:57",32.191837,-110.971844,2.81,3.11,4.32,41.16,260.51,6.36,21,37.9
"MOD-00557","2026-10-10 18:37:44",32.37352,-112.859152,5.21,6.41,22.29,36.24,504.48,45.1,33.4,34.8
"MOD-00558","2026-10-10 18:39:12",32.36783,-111.22037,2.61,2.75,5.32,40.64,282.05,6.85,20.5,38.3
"MOD-00559","2026-10-10 18:37:50",32.2986,-111.0299,2.06,2.17,4.38,40.63,410.81,7.77,23.8,36
"MOD-00560","2026-10-10 18:35:44",32.34487,-111.05585,2.23,2.35,2.99,39.86,367.35,8.26,23.5,36.3
"MOD-00561","2026-10-10 18:37:01",32.181792,-110.774951,3.49,3.59,4.65,36.98,288.6,7.43,23.1,36.3
"MOD-00562","2026-10-10 18:36:46",32.227005,-110.890214,2.33,2.47,2.71,39.79,248.03,7.89,22.1,37.7
"MOD-00563","2026-10-10 18:36:39",32.097393,-110.82794,1.46,1.6,5.46,37.08,310.72,6.33,21,38.1
"MOD-00565","2026-10-10 18:38:39",32.06679,-110.7032,1.82,1.93,1.93,33.3,384.56,6.1,25.3,35.1
