"sn","last_seen","last_pm25","temp_recent","pm_24h","status"
"MOD-00546",2026-10-10 18:37:16,2026-10-10 18:37:16,40.2,1433,"ok"
"MOD-00547",2026-10-10 18:35:34,2026-10-10 18:35:34,37.4,1432,"ok"
"MOD-00548",2026-10-10 18:36:55,2026-10-10 18:36:55,37,1424,"ok"
"MOD-00549",2026-10-10 18:35:40,2026-10-10 18:35:40,40.7,1357,"ok"
"MOD-00550",2026-10-10 18:39:20,2026-10-10 18:39:20,38.6,1435,"ok"
"MOD-00551",2026-10-10 18:38:16,2026-10-10 18:38:16,39.5,1435,"ok"
"MOD-00552",2026-09-17 04:51:54,NA,NA,NA,"offline"
"MOD-00553",2026-10-10 18:37:55,2026-10-10 18:37:55,36.3,1434,"ok"
"MOD-00554",2026-10-10 18:39:02,NA,38.2,1,"no_pm"
"MOD-00555",2026-10-10 18:39:03,2026-10-10 18:39:03,36.4,1435,"ok"
"MOD-00556",2026-10-10 18:37:57,2026-10-10 18:37:57,39.4,1434,"ok"
"MOD-00557",2026-10-10 18:37:44,2026-10-10 18:37:44,39,1433,"ok"
"MOD-00558",2026-10-10 18:39:12,2026-10-10 18:39:12,38.9,1434,"ok"
"MOD-00559",2026-10-10 18:37:50,2026-10-10 18:37:50,38.9,1433,"ok"
"MOD-00560",2026-10-10 18:35:44,2026-10-10 18:35:44,38.6,1432,"ok"
"MOD-00561",2026-10-10 18:37:01,2026-10-10 18:37:01,37.4,1433,"ok"
"MOD-00562",2026-10-10 18:36:46,2026-10-10 18:36:46,38.6,1433,"ok"
"MOD-00563",2026-10-10 18:36:39,2026-10-10 18:36:39,38.1,1432,"ok"
"MOD-00565",2026-10-10 18:38:39,2026-10-10 18:38:39,35.1,1435,"ok"
